Ref,Val,Package,PosX,PosY,Rot,Side
"C9","10uF","C_0805_2012Metric",163.275000,-68.575000,-90.000000,bottom
"C10","0.1uF","C_0603_1608Metric",165.350000,-68.250000,-90.000000,bottom
"C11","22uF","C_0805_2012Metric",154.450000,-68.550000,180.000000,bottom
"C12","0.1uF","C_0603_1608Metric",157.150000,-67.000000,90.000000,bottom
"C16","22pF","C_0603_1608Metric",170.825000,-63.362500,-90.000000,bottom
"C17","22pF","C_0603_1608Metric",177.000000,-63.362500,-90.000000,bottom
"C18","0.1uF","C_0603_1608Metric",182.925000,-64.025000,90.000000,bottom
"C19","0.1uF","C_0603_1608Metric",168.800000,-63.175000,90.000000,bottom
"C21","0.1uF","C_0603_1608Metric",166.935000,-63.740000,90.000000,bottom
"D1","LED","LED_0603_1608Metric",153.000000,-71.175000,90.000000,bottom
"D2","LED","LED_0603_1608Metric",166.075000,-71.787500,90.000000,bottom
"J2","CAN","JST_GH_BM02B-GHS-TBT_1x02-1MP_P1.25mm_Vertical",154.000000,-63.930000,-90.000000,bottom
"J4","XT30","AMASS_XT30U-F_1x02_P5.0mm_Vertical",180.750000,-68.900000,-90.000000,bottom
"J6","SWD","Molex_CLIK-Mate_502386-0470_1x04-1MP_P1.25mm_Horizontal",158.600000,-74.225000,180.000000,bottom
"R6","10kΩ","R_0603_1608Metric",180.525000,-64.775000,180.000000,bottom
"R7","100kΩ","R_0603_1608Metric",164.600000,-75.025000,-90.000000,bottom
"R10","1kΩ","R_0603_1608Metric",153.025000,-74.350000,-90.000000,bottom
"R11","1kΩ","R_0603_1608Metric",164.425000,-71.850000,-90.000000,bottom
"TP1","RST","TestPoint_Pad_D1.0mm",179.600000,-62.825000,180.000000,bottom
"TP2","GND","TestPoint_Pad_D1.0mm",181.375000,-61.600000,180.000000,bottom
"U2","ME6211C33M5","SOT-23-5",160.000000,-68.350000,180.000000,bottom
"U3","STM32G0B1CBTx","LQFP-48_7x7mm_P0.5mm",172.275000,-71.675000,-90.000000,bottom
"U6","TCAN3413DR","SOIC-8_3.9x4.9mm_P1.27mm",162.409999,-63.930000,180.000000,bottom
"Y1","X32258MSB","Crystal_SMD_3225-4Pin_3.2x2.5mm",173.925000,-63.562500,0.000000,bottom
"C1","0.1uF","C_0603_1608Metric",157.838754,-64.538513,-90.000000,top
"C2","0.1uF","C_0603_1608Metric",173.550000,-68.300000,-90.000000,top
"C3","22uF","C_1210_3225Metric",162.115291,-69.278737,90.000000,top
"C4","22uF","C_1210_3225Metric",158.690291,-69.303737,90.000000,top
"C6","22uF","C_0805_2012Metric",154.640291,-69.803737,0.000000,top
"C7","75pF","C_0603_1608Metric",164.513754,-62.288513,-90.000000,top
"C8","22uF","C_0805_2012Metric",154.640291,-71.928737,0.000000,top
"C13","0.1uF","C_0603_1608Metric",168.400000,-63.900000,90.000000,top
"C14","0.1uF","C_0603_1608Metric",171.450000,-65.600000,90.000000,top
"C15","4.7uF","C_0603_1608Metric",173.775000,-65.975000,0.000000,top
"C20","0.1uF","C_0603_1608Metric",154.815291,-73.853737,0.000000,top
"D3","BZT52-C12","D_SOD-123",175.250000,-71.025000,0.000000,top
"J3","TOF","JST_GH_BM04B-GHS-TBT_1x04-1MP_P1.25mm_Vertical",167.200000,-71.075000,90.000000,top
"L1","15uH","L_APV_ANR5020",154.163754,-65.863513,0.000000,top
"Q2","Si2309CDS-T1-GE3","SOT-23",176.100000,-74.275000,-90.000000,top
"R1","500kΩ","R_0603_1608Metric",162.890291,-65.328737,90.000000,top
"R2","100kΩ","R_0603_1608Metric",165.290291,-64.603737,0.000000,top
"R3","0Ω","R_0805_2012Metric",157.063754,-61.913513,0.000000,top
"R4","100kΩ","R_0603_1608Metric",162.938754,-62.288513,-90.000000,top
"R5","13.3kΩ","R_0603_1608Metric",166.088754,-62.288513,-90.000000,top
"R8","10kΩ","R_0603_1608Metric",176.900000,-68.300000,-90.000000,top
"R9","100kΩ","R_0603_1608Metric",175.275000,-68.325000,90.000000,top
"U1","TPS54202DDC","SOT-23-6",160.376254,-64.588513,90.000000,top
